{
  "experiment": "物品热门度分层分析",
  "timestamp": "20251212_185439",
  "config": {
    "dataset": "Grocery_and_Gourmet_Food",
    "percentile_low": 50,
    "percentile_high": 80
  },
  "group_info": {
    "threshold_low": 7.0,
    "threshold_high": 13.0,
    "group_sizes": {
      "high": 1893,
      "low": 5006
    }
  },
  "item_statistics": {
    "count": 8687,
    "mean": 14.031541383676759,
    "std": 30.401210643188683,
    "min": 1.0,
    "max": 706.0
  },
  "results": {
    "BiGeaR_Stage1": {
      "high": {
        "HR@10": 0.7312893292274736,
        "NDCG@10": 0.47990964528204577,
        "HR@20": 0.8039898246083813,
        "NDCG@20": 0.4983646174501063,
        "n_samples": 7469
      },
      "low": {
        "HR@10": 0.21362353889560662,
        "NDCG@10": 0.10099363080116892,
        "HR@20": 0.3788794840790004,
        "NDCG@20": 0.14245440387797403,
        "n_samples": 4962
      },
      "all": {
        "HR@10": 0.5075267352360193,
        "NDCG@10": 0.31136946301837937,
        "HR@20": 0.6227777399359716,
        "NDCG@20": 0.34042541067755056,
        "n_samples": 14681
      }
    },
    "BiGeaR_Stage2": {
      "high": {
        "HR@10": 0.7569955817378498,
        "NDCG@10": 0.4869241820914647,
        "HR@20": 0.8310349444370063,
        "NDCG@20": 0.5057604403445984,
        "n_samples": 7469
      },
      "low": {
        "HR@10": 0.1652559451833938,
        "NDCG@10": 0.07222722577159525,
        "HR@20": 0.3137847642079806,
        "NDCG@20": 0.10936130151518815,
        "n_samples": 4962
      },
      "all": {
        "HR@10": 0.4994891356174648,
        "NDCG@10": 0.3004631413396343,
        "HR@20": 0.6123561065322526,
        "NDCG@20": 0.32893682244719497,
        "n_samples": 14681
      }
    },
    "LightGCN": {
      "high": {
        "HR@10": 0.7314232159592984,
        "NDCG@10": 0.4772199251643728,
        "HR@20": 0.7987682420672111,
        "NDCG@20": 0.4942529841818475,
        "n_samples": 7469
      },
      "low": {
        "HR@10": 0.21725110842402257,
        "NDCG@10": 0.1018063275879389,
        "HR@20": 0.3798871422813382,
        "NDCG@20": 0.14265354621809348,
        "n_samples": 4962
      },
      "all": {
        "HR@10": 0.5089571555071181,
        "NDCG@10": 0.3101455510302088,
        "HR@20": 0.6202574756487977,
        "NDCG@20": 0.33821335495632693,
        "n_samples": 14681
      }
    }
  }
}