{
  "experiment": "超参数敏感性分析 - Embedding 维度",
  "timestamp": "20251212_185515",
  "config": {
    "dataset": "Grocery_and_Gourmet_Food",
    "seed": 0,
    "emb_sizes": [
      16,
      32,
      64,
      128
    ],
    "n_layers": 2,
    "lambda_id": 1.0
  },
  "stage1": {
    "16": {
      "test": {
        "NDCG@5": 0.25008899096268095,
        "HR@5": 0.36414413187112593,
        "NDCG@10": 0.2913030971235754,
        "HR@10": 0.49070226823785845,
        "NDCG@20": 0.32041223079515807,
        "HR@20": 0.6062938491928342,
        "NDCG@50": 0.3630299872236085,
        "HR@50": 0.8222873101287378
      },
      "dev": {
        "NDCG@5": 0.30905872042190946,
        "HR@5": 0.4340303794019481,
        "NDCG@10": 0.3486678236475361,
        "HR@10": 0.5556842176963422,
        "NDCG@20": 0.37576948165433827,
        "HR@20": 0.6629657380287446,
        "NDCG@50": 0.41314781158060376,
        "HR@50": 0.8516449833117635
      },
      "training_time": 189.3271563053131,
      "n_params": 374336
    },
    "32": {
      "test": {
        "NDCG@5": 0.25943203723704317,
        "HR@5": 0.37783529732307064,
        "NDCG@10": 0.2990195578627471,
        "HR@10": 0.49962536611947417,
        "NDCG@20": 0.3289000440792659,
        "HR@20": 0.6180096723656426,
        "NDCG@50": 0.3704538845376271,
        "HR@50": 0.8287582589741843
      },
      "dev": {
        "NDCG@5": 0.31842727194525267,
        "HR@5": 0.4430897077855732,
        "NDCG@10": 0.3584472826681964,
        "HR@10": 0.5656971595940331,
        "NDCG@20": 0.38581558748741657,
        "HR@20": 0.6743409849465295,
        "NDCG@50": 0.4221682485158111,
        "HR@50": 0.8578434711531912
      },
      "training_time": 190.53692603111267,
      "n_params": 748672
    },
    "64": {
      "test": {
        "NDCG@5": 0.2655401995139904,
        "HR@5": 0.38478305292555004,
        "NDCG@10": 0.3042353123803915,
        "HR@10": 0.5037803964307609,
        "NDCG@20": 0.3335954927854977,
        "HR@20": 0.6199168993937743,
        "NDCG@50": 0.3750391740856138,
        "HR@50": 0.8301886792452831
      },
      "dev": {
        "NDCG@5": 0.32736994040320777,
        "HR@5": 0.45330699543627817,
        "NDCG@10": 0.3663417804816817,
        "HR@10": 0.5733941829575642,
        "NDCG@20": 0.393411065133461,
        "HR@20": 0.6806757032899666,
        "NDCG@50": 0.42839399275294154,
        "HR@50": 0.8576391254001771
      },
      "training_time": 188.5049557685852,
      "n_params": 1497344
    },
    "128": {
      "test": {
        "NDCG@5": 0.27223094903078354,
        "HR@5": 0.39057284926094954,
        "NDCG@10": 0.31143796974690513,
        "HR@10": 0.5111368435392685,
        "NDCG@20": 0.34063889058418245,
        "HR@20": 0.6271371160002724,
        "NDCG@50": 0.3800650082988005,
        "HR@50": 0.8269191471970574
      },
      "dev": {
        "NDCG@5": 0.3365207443862695,
        "HR@5": 0.46386485934200666,
        "NDCG@10": 0.3745299616134621,
        "HR@10": 0.580478169062053,
        "NDCG@20": 0.40135106420062194,
        "HR@20": 0.6869423063823991,
        "NDCG@50": 0.4346156441794766,
        "HR@50": 0.8549826306109938
      },
      "training_time": 189.20651960372925,
      "n_params": 2994688
    }
  },
  "stage2": {
    "16": {
      "test": {
        "NDCG@5": 0.23476421433025924,
        "HR@5": 0.3433689803146925,
        "NDCG@10": 0.2754325554843006,
        "HR@10": 0.46842858115932157,
        "NDCG@20": 0.30423553579657664,
        "HR@20": 0.5827259723452081,
        "NDCG@50": 0.34743237464944016,
        "HR@50": 0.8017165043253185
      },
      "dev": {
        "NDCG@5": 0.2890266506800537,
        "HR@5": 0.406579933247054,
        "NDCG@10": 0.32947700295728705,
        "HR@10": 0.5310946120836455,
        "NDCG@20": 0.3595123253393304,
        "HR@20": 0.6500919555888564,
        "NDCG@50": 0.39573335324142983,
        "HR@50": 0.8333900960425039
      },
      "training_time": 298.7325813770294,
      "n_params": 374336
    },
    "32": {
      "test": {
        "NDCG@5": 0.24739116453188315,
        "HR@5": 0.36012533206184866,
        "NDCG@10": 0.28877981089445925,
        "HR@10": 0.48736462093862815,
        "NDCG@20": 0.31801196516267444,
        "HR@20": 0.603841700156665,
        "NDCG@50": 0.3593962405138509,
        "HR@50": 0.8132279817451127
      },
      "dev": {
        "NDCG@5": 0.30555024926278385,
        "HR@5": 0.4272869695524828,
        "NDCG@10": 0.3474704715774643,
        "HR@10": 0.5560929092023704,
        "NDCG@20": 0.3749868904003135,
        "HR@20": 0.6654178870649138,
        "NDCG@50": 0.41108262183403704,
        "HR@50": 0.8476261835024862
      },
      "training_time": 224.96086931228638,
      "n_params": 748672
    },
    "64": {
      "test": {
        "NDCG@5": 0.2555334093169616,
        "HR@5": 0.36986581295552073,
        "NDCG@10": 0.29750230099263036,
        "HR@10": 0.49887609835842245,
        "NDCG@20": 0.32699130399283544,
        "HR@20": 0.6158980995844969,
        "NDCG@50": 0.3675862890012816,
        "HR@50": 0.8214699271166814
      },
      "dev": {
        "NDCG@5": 0.31880337929946084,
        "HR@5": 0.4438389755466249,
        "NDCG@10": 0.3591259584534417,
        "HR@10": 0.5676043866221647,
        "NDCG@20": 0.38655136508512944,
        "HR@20": 0.676725018731694,
        "NDCG@50": 0.42185590393056893,
        "HR@50": 0.8550507458619985
      },
      "training_time": 309.6807723045349,
      "n_params": 1497344
    },
    "128": {
      "test": {
        "NDCG@5": 0.2636010802546899,
        "HR@5": 0.38021933110823514,
        "NDCG@10": 0.3051821695472115,
        "HR@10": 0.5079354267420475,
        "NDCG@20": 0.33562087582101097,
        "HR@20": 0.6287718820243853,
        "NDCG@50": 0.3745370227081803,
        "HR@50": 0.8259655336829916
      },
      "dev": {
        "NDCG@5": 0.327907485265439,
        "HR@5": 0.45569102922144267,
        "NDCG@10": 0.36820126286699684,
        "HR@10": 0.5794564402969825,
        "NDCG@20": 0.3957774432783192,
        "HR@20": 0.6886451876575165,
        "NDCG@50": 0.42928976550087355,
        "HR@50": 0.8578434711531912
      },
      "training_time": 174.67062067985535,
      "n_params": 2994688
    }
  },
  "best_dimension": 128
}