{
  "experiment": "消融实验 - 知识蒸馏模块有效性",
  "timestamp": "20251212_184600",
  "config": {
    "dataset": "Grocery_and_Gourmet_Food",
    "seed": 0,
    "emb_size": 64,
    "n_layers": 2,
    "lambda_id": 1.0
  },
  "with_distillation": {
    "test": {
      "NDCG@5": 0.2556096285323303,
      "HR@5": 0.3688440841904502,
      "NDCG@10": 0.2963105523983213,
      "HR@10": 0.4936312240310606,
      "NDCG@20": 0.3255975176562851,
      "HR@20": 0.609767726994074,
      "NDCG@50": 0.3656381207957971,
      "HR@50": 0.8122743682310469
    },
    "dev": {
      "NDCG@5": 0.31611933088464994,
      "HR@5": 0.4398882909883523,
      "NDCG@10": 0.3566590406062729,
      "HR@10": 0.564130508820925,
      "NDCG@20": 0.3840434936257337,
      "HR@20": 0.6727062189224168,
      "NDCG@50": 0.41837513022759476,
      "HR@50": 0.8461276479803828
    },
    "training_time": 231.88069462776184
  },
  "without_distillation": {
    "test": {
      "NDCG@5": 0.2536932266496947,
      "HR@5": 0.36496151488318235,
      "NDCG@10": 0.29482971549026615,
      "HR@10": 0.4913153054969008,
      "NDCG@20": 0.32382111531566954,
      "HR@20": 0.6062257339418295,
      "NDCG@50": 0.36414017951059663,
      "HR@50": 0.8100946801988965
    },
    "dev": {
      "NDCG@5": 0.3147966950936881,
      "HR@5": 0.4381172944622301,
      "NDCG@10": 0.3549111554282644,
      "HR@10": 0.5614740140317417,
      "NDCG@20": 0.381450410324492,
      "HR@20": 0.6669164225870172,
      "NDCG@50": 0.4157445629063067,
      "HR@50": 0.8402697363939786
    },
    "training_time": 174.94218707084656
  }
}