{
  "experiment": "用户活跃度分层分析",
  "timestamp": "20251212_185407",
  "config": {
    "dataset": "Grocery_and_Gourmet_Food",
    "percentile_low": 20,
    "percentile_high": 80
  },
  "group_info": {
    "threshold_low": 3.0,
    "threshold_high": 10.0,
    "group_sizes": {
      "high": 3212,
      "low": 4194
    }
  },
  "user_statistics": {
    "count": 14681,
    "mean": 8.302704175464887,
    "std": 10.581031639017603,
    "min": 3.0,
    "max": 202.0
  },
  "results": {
    "BiGeaR_Stage1": {
      "high": {
        "HR@10": 0.5828144458281445,
        "NDCG@10": 0.3145660388078974,
        "HR@20": 0.7023661270236613,
        "NDCG@20": 0.344866753636378,
        "n_samples": 3212
      },
      "low": {
        "HR@10": 0.46542680019074867,
        "NDCG@10": 0.3044246830384458,
        "HR@20": 0.5827372436814496,
        "NDCG@20": 0.33396035673214747,
        "n_samples": 4194
      },
      "all": {
        "HR@10": 0.5075267352360193,
        "NDCG@10": 0.31136946301837937,
        "HR@20": 0.6227777399359716,
        "NDCG@20": 0.34042541067755056,
        "n_samples": 14681
      }
    },
    "BiGeaR_Stage2": {
      "high": {
        "HR@10": 0.5678704856787049,
        "NDCG@10": 0.302802202118149,
        "HR@20": 0.683997509339975,
        "NDCG@20": 0.3321783052228571,
        "n_samples": 3212
      },
      "low": {
        "HR@10": 0.4651883643299952,
        "NDCG@10": 0.2949675220505083,
        "HR@20": 0.5767763471626133,
        "NDCG@20": 0.32312247970098934,
        "n_samples": 4194
      },
      "all": {
        "HR@10": 0.4994891356174648,
        "NDCG@10": 0.3004631413396343,
        "HR@20": 0.6123561065322526,
        "NDCG@20": 0.32893682244719497,
        "n_samples": 14681
      }
    },
    "LightGCN": {
      "high": {
        "HR@10": 0.5865504358655044,
        "NDCG@10": 0.31730923559336716,
        "HR@20": 0.7073474470734745,
        "NDCG@20": 0.3479003075616589,
        "n_samples": 3212
      },
      "low": {
        "HR@10": 0.46447305674773487,
        "NDCG@10": 0.30268744766405337,
        "HR@20": 0.5796375774916548,
        "NDCG@20": 0.3316781291838277,
        "n_samples": 4194
      },
      "all": {
        "HR@10": 0.5089571555071181,
        "NDCG@10": 0.3101455510302088,
        "HR@20": 0.6202574756487977,
        "NDCG@20": 0.33821335495632693,
        "n_samples": 14681
      }
    }
  }
}